Cedula,Nombre,Apellido,Email,Cantidad de autos rentados,Direccion,Activo
C.I: 93903278,Nombre: Zondra,Apellido: Wethers,zwethers0@ustream.tv, C.A.R: 24,Addr: 94 Eastlawn Road,Activo: (1 si; 0 no) 0
C.I: 59255455,Nombre: Spense,Apellido: Lonnon,slonnon1@4shared.com,C.A.R: 32,Addr: 2918 Meadow Ridge Center,Activo: (1 si; 0 no) 0
C.I: 71872595,Nombre: Agna,Apellido: Pomfrey,apomfrey2@wisc.edu,C.A.R: 38,Addr: 79860 Laurel Place,Activo: (1 si; 0 no) 1
C.I: 71580175,Nombre: Meridel,Apellido: Verlinde,mverlinde3@posterous.com,C.A.R: 36,Addr: 889 Bayside Circle,Activo: (1 si; 0 no) 1
C.I: 68485846,Nombre: Pansie,Apellido: Ferencowicz,pferencowicz4@flavors.me,C.A.R: 13,Addr: 6 Cherokee Circle,Activo: (1 si; 0 no) 1
C.I: 91295508,Nombre: Uri,Apellido: Hawkes,uhawkes5@blog.com,C.A.R: 28,Addr: 283 Rieder Trail,Activo: (1 si; 0 no) 1
C.I: 12916319,Nombre: Biddy,Apellido: Farres,bfarres6@craigslist.org,C.A.R: 40,Addr: 8209 Crowley Point,Activo: (1 si; 0 no) 1
C.I: 88551360,Nombre: Keary,Apellido: Cass,kcass7@netscape.com,C.A.R: 29,Addr: 34343 Springview Road,Activo: (1 si; 0 no) 1
C.I: 67285178,Nombre: Estella,Apellido: McVrone,emcvrone8@amazonaws.com,C.A.R: 1,Addr: 9936 Reindahl Alley,Activo: (1 si; 0 no) 1
C.I: 90636893,Nombre: Gwenora,Apellido: Yakovliv,gyakovliv9@vistaprint.com,C.A.R: 16,Addr: 0208 Mandrake Hill,Activo: (1 si; 0 no) 0
C.I: 89544820,Nombre: Shay,Apellido: Pitfield,spitfielda@mac.com,C.A.R: 9,Addr: 3 Main Place,Activo: (1 si; 0 no) 0
C.I: 38593587,Nombre: Putnem,Apellido: Gravells,pgravellsb@mayoclinic.com,C.A.R: 17,Addr: 52736 Randy Crossing,Activo: (1 si; 0 no) 1
C.I: 94166018,Nombre: Vikky,Apellido: Limbourne,vlimbournec@cmu.edu,C.A.R: 23,Addr: 55265 Badeau Terrace,Activo: (1 si; 0 no) 1
C.I: 44962113,Nombre: Fay,Apellido: Benn,fbennd@umich.edu,C.A.R: 25,Addr: 07 Service Street,Activo: (1 si; 0 no) 0
C.I: 50009355,Nombre: Georgy,Apellido: Welsby,gwelsbye@redcross.org,C.A.R: 12,Addr: 31517 Scott Pass,Activo: (1 si; 0 no) 1
C.I: 52160112,Nombre: Lonni,Apellido: Willowby,lwillowbyf@addtoany.com,C.A.R: 25,Addr: 9 Dovetail Plaza,Activo: (1 si; 0 no) 1
C.I: 12070344,Nombre: Francisca,Apellido: Fanthome,ffanthomeg@go.com,C.A.R: 36,Addr: 56 Warner Parkway,Activo: (1 si; 0 no) 0
C.I: 48181926,Nombre: Pablo,Apellido: Giraudoux,pgiraudouxh@wordpress.org,C.A.R: 35,Addr: 09623 Chinook Trail,Activo: (1 si; 0 no) 0
C.I: 32236846,Nombre: Joyce,Apellido: Qusklay,jqusklayi@tmall.com,C.A.R: 4,Addr: 01 Carey Road,Activo: (1 si; 0 no) 1
C.I: 91744098,Nombre: Ryann,Apellido: Amsden,ramsdenj@sfgate.com,C.A.R: 33,Addr: 83941 Roxbury Alley,Activo: (1 si; 0 no) 0
C.I: 49563865,Nombre: Bordy,Apellido: Meryett,bmeryettk@guardian.co.uk,C.A.R: 4,Addr: 8 Atwood Trail,Activo: (1 si; 0 no) 0
C.I: 98434843,Nombre: Sergio,Apellido: Gurry,sgurryl@twitter.com,C.A.R: 2,Addr: 9885 John Wall Center,Activo: (1 si; 0 no) 1
C.I: 48773017,Nombre: Sauncho,Apellido: Zarfai,szarfaim@google.com,C.A.R: 21,Addr: 318 David Way,Activo: (1 si; 0 no) 0
C.I: 13343620,Nombre: Wendall,Apellido: Bumpus,wbumpusn@narod.ru,C.A.R: 28,Addr: 3 Forster Junction,Activo: (1 si; 0 no) 1
C.I: 62951665,Nombre: Frank,Apellido: McColm,fmccolmo@dailymail.co.uk,C.A.R: 26,Addr: 06 Logan Avenue,Activo: (1 si; 0 no) 1
C.I: 68761017,Nombre: Jewell,Apellido: De la Eglise,jdelaeglisep@gravatar.com,C.A.R: 16,Addr: 72078 Eggendart Center,Activo: (1 si; 0 no) 1
C.I: 10247831,Nombre: Mattheus,Apellido: Riddles,mriddlesq@com.com,C.A.R: 1,Addr: 674 Alpine Way,Activo: (1 si; 0 no) 0
C.I: 66419483,Nombre: Reinhard,Apellido: Mangenot,rmangenotr@opera.com,C.A.R: 31,Addr: 0749 Dawn Avenue,Activo: (1 si; 0 no) 0
C.I: 85369114,Nombre: Ario,Apellido: Gaitley,agaitleys@altervista.org,C.A.R: 6,Addr: 092 West Alley,Activo: (1 si; 0 no) 0
C.I: 59438228,Nombre: Bertine,Apellido: Lill,blillt@latimes.com,C.A.R: 19,Addr: 78 Talisman Junction,Activo: (1 si; 0 no) 1
C.I: 59165085,Nombre: Harri,Apellido: Arnow,harnowu@nytimes.com,C.A.R: 28,Addr: 634 Nova Junction,Activo: (1 si; 0 no) 1
C.I: 47049612,Nombre: Jackie,Apellido: Arbon,jarbonv@ted.com,C.A.R: 14,Addr: 76597 Veith Trail,Activo: (1 si; 0 no) 0
C.I: 95995423,Nombre: Kirstyn,Apellido: Sparham,ksparhamw@google.co.jp,C.A.R: 23,Addr: 682 Bultman Park,Activo: (1 si; 0 no) 1
C.I: 12695803,Nombre: Bobinette,Apellido: Duesberry,bduesberryx@drupal.org,C.A.R: 40,Addr: 0 Messerschmidt Hill,Activo: (1 si; 0 no) 1
C.I: 13643666,Nombre: Arabelle,Apellido: Cearley,acearleyy@psu.edu,C.A.R: 10,Addr: 5144 Luster Lane,Activo: (1 si; 0 no) 0
C.I: 45595533,Nombre: Janice,Apellido: Pentecust,jpentecustz@vinaora.com,C.A.R: 7,Addr: 29 Magdeline Parkway,Activo: (1 si; 0 no) 1
C.I: 54635513,Nombre: Morissa,Apellido: Harner,mharner10@mozilla.org,C.A.R: 33,Addr: 2951 Service Terrace,Activo (1 si; 0 no): 0
C.I: 46821178,Nombre: Letisha,Apellido: Storek,lstorek11@ameblo.jp,C.A.R: 15,Addr: 80 Morningstar Lane,Activo (1 si; 0 no): 0
C.I: 61553283,Nombre: Addie,Apellido: Claris,aclaris12@blogs.com,C.A.R: 33,Addr: 312 Moulton Court,Activo (1 si; 0 no): 1
C.I: 12312031,Nombre: Grethel,Apellido: Duester,gduester13@webmd.com,C.A.R: 3,Addr: 35 Iowa Court,Activo (1 si; 0 no): 0
C.I: 98999148,Nombre: Robbi,Apellido: Salling,rsalling14@nature.com,C.A.R: 27,Addr: 82845 Dorton Court,Activo (1 si; 0 no): 0
C.I: 78057456,Nombre: Hillier,Apellido: Kybird,hkybird15@yellowbook.com,C.A.R: 14,Addr: 8227 Bellgrove Center,Activo (1 si; 0 no): 0
C.I: 41154167,Nombre: Lila,Apellido: Reicharz,lreicharz16@mail.ru,C.A.R: 9,Addr: 6 Johnson Pass,Activo (1 si; 0 no): 0
C.I: 76122449,Nombre: Eldin,Apellido: Ilem,eilem17@cbsnews.com,C.A.R: 31,Addr: 461 Haas Hill,Activo (1 si; 0 no): 0
C.I: 33896471,Nombre: Dame,Apellido: Leasor,dleasor18@seesaa.net,C.A.R: 36,Addr: 3951 Loeprich Parkway,Activo (1 si; 0 no): 1
C.I: 98201494,Nombre: Travus,Apellido: Vonderdell,tvonderdell19@51.la,C.A.R: 17,Addr: 4 Golden Leaf Terrace,Activo (1 si; 0 no): 1
C.I: 28388522,Nombre: Floyd,Apellido: Larter,flarter1a@examiner.com,C.A.R: 31,Addr: 904 Dovetail Junction,Activo (1 si; 0 no): 0
C.I: 20155011,Nombre: Mela,Apellido: Moret,mmoret1b@usgs.gov,C.A.R: 31,Addr: 54367 Atwood Avenue,Activo (1 si; 0 no): 0
C.I: 85106987,Nombre: Fraser,Apellido: Padgham,fpadgham1c@msu.edu,C.A.R: 11,Addr: 9595 Twin Pines Park,Activo (1 si; 0 no): 1
C.I: 54395424,Nombre: Franny,Apellido: Carwithim,fcarwithim1d@stumbleupon.com,C.A.R: 4,Addr: 08 Carpenter Park,Activo (1 si; 0 no): 0
C.I: 71063504,Nombre: Marcelia,Apellido: Rieger,mrieger1e@vistaprint.com,C.A.R: 10,Addr: 6369 Red Cloud Park,Activo (1 si; 0 no): 0
C.I: 37880813,Nombre: Niles,Apellido: Spaduzza,nspaduzza1f@mayoclinic.com,C.A.R: 4,Addr: 81 Buhler Park,Activo (1 si; 0 no): 1
C.I: 66158472,Nombre: Amery,Apellido: Putson,aputson1g@creativecommons.org,C.A.R: 12,Addr: 4 Pennsylvania Drive,Activo (1 si; 0 no): 0
C.I: 82652183,Nombre: Durante,Apellido: Spincke,dspincke1h@gravatar.com,C.A.R: 4,Addr: 7310 Chive Alley,Activo (1 si; 0 no): 0
C.I: 11909613,Nombre: Mal,Apellido: Brambell,mbrambell1i@mit.edu,C.A.R: 18,Addr: 87730 Hayes Circle,Activo (1 si; 0 no): 0
C.I: 35085079,Nombre: Catie,Apellido: Malsher,cmalsher1j@flickr.com,C.A.R: 27,Addr: 31 Harper Center,Activo (1 si; 0 no): 1
C.I: 63008064,Nombre: Annabela,Apellido: Smail,asmail1k@dion.ne.jp,C.A.R: 11,Addr: 54152 Manitowish Terrace,Activo (1 si; 0 no): 0
C.I: 50131166,Nombre: Hubey,Apellido: Hattam,hhattam1l@elpais.com,C.A.R: 39,Addr: 35 Barby Road,Activo (1 si; 0 no): 1
C.I: 35463962,Nombre: Anthea,Apellido: Lenchenko,alenchenko1m@ow.ly,C.A.R: 16,Addr: 0991 Northview Park,Activo (1 si; 0 no): 1
C.I: 52612690,Nombre: Wren,Apellido: Vitler,wvitler1n@google.com.br,C.A.R: 11,Addr: 2 West Alley,Activo (1 si; 0 no): 0
C.I: 64003550,Nombre: Allissa,Apellido: Edyson,aedyson1o@symantec.com,C.A.R: 21,Addr: 7 Golf Course Alley,Activo (1 si; 0 no): 0
C.I: 33803633,Nombre: Sonja,Apellido: Ruffle,sruffle1p@cafepress.com,C.A.R: 36,Addr: 28 Prentice Trail,Activo (1 si; 0 no): 1
C.I: 41605253,Nombre: Ad,Apellido: Traylen,atraylen1q@diigo.com,C.A.R: 10,Addr: 90 Maryland Pass,Activo (1 si; 0 no): 1
C.I: 51338382,Nombre: Wilmette,Apellido: Foffano,wfoffano1r@google.cn,C.A.R: 14,Addr: 23045 Paget Road,Activo (1 si; 0 no): 1
C.I: 70205862,Nombre: Stanly,Apellido: Worsnap,sworsnap1s@miibeian.gov.cn,C.A.R: 11,Addr: 58206 Hazelcrest Avenue,Activo (1 si; 0 no): 1
C.I: 64690988,Nombre: Corella,Apellido: Bachanski,cbachanski1t@4shared.com,C.A.R: 38,Addr: 314 Pepper Wood Court,Activo (1 si; 0 no): 0
C.I: 15050611,Nombre: Albert,Apellido: Markwelley,amarkwelley1u@flickr.com,C.A.R: 38,Addr: 28 Troy Drive,Activo (1 si; 0 no): 0
C.I: 90295845,Nombre: Carroll,Apellido: Yearby,cyearby1v@bizjournals.com,C.A.R: 9,Addr: 689 Twin Pines Avenue,Activo (1 si; 0 no): 1
C.I: 23064326,Nombre: Rowan,Apellido: Stening,rstening1w@zdnet.com,C.A.R: 17,Addr: 11306 Packers Terrace,Activo (1 si; 0 no): 0
C.I: 71706000,Nombre: Rudolfo,Apellido: Rohlf,rrohlf1x@spiegel.de,C.A.R: 16,Addr: 83 Canary Terrace,Activo (1 si; 0 no): 1
C.I: 52158841,Nombre: Jamesy,Apellido: Elsworth,jelsworth1y@privacy.gov.au,C.A.R: 3,Addr: 22 Dennis Junction,Activo (1 si; 0 no): 0
C.I: 37684360,Nombre: Redford,Apellido: Crighton,rcrighton1z@imdb.com,C.A.R: 28,Addr: 502 Clyde Gallagher Crossing,Activo (1 si; 0 no): 1
C.I: 69963243,Nombre: Kim,Apellido: Domokos,kdomokos20@washington.edu,C.A.R: 8,Addr: 61600 Troy Terrace,Activo (1 si; 0 no): 1
C.I: 97674521,Nombre: Tabitha,Apellido: Leathers,tleathers21@lycos.com,C.A.R: 30,Addr: 98 Pine View Drive,Activo (1 si; 0 no): 1
C.I: 20617459,Nombre: Svend,Apellido: Dowman,sdowman22@skype.com,C.A.R: 13,Addr: 3427 Marcy Trail,Activo (1 si; 0 no): 1
C.I: 70347715,Nombre: Olin,Apellido: Hanselmann,ohanselmann23@shutterfly.com,C.A.R: 20,Addr: 38538 Lerdahl Drive,Activo (1 si; 0 no): 1
C.I: 91216279,Nombre: Art,Apellido: McGeffen,amcgeffen24@myspace.com,C.A.R: 30,Addr: 5163 Ronald Regan Plaza,Activo (1 si; 0 no): 0
C.I: 83815026,Nombre: Louis,Apellido: Dunrige,ldunrige25@skype.com,C.A.R: 10,Addr: 54 Artisan Hill,Activo (1 si; 0 no): 0
C.I: 99492892,Nombre: Roxanna,Apellido: Tripet,rtripet26@oakley.com,C.A.R: 17,Addr: 0 Pawling Hill,Activo (1 si; 0 no): 1
C.I: 53031272,Nombre: Davy,Apellido: Stoffersen,dstoffersen27@constantcontact.com,C.A.R: 4,Addr: 2 Service Hill,Activo (1 si; 0 no): 1
C.I: 19526459,Nombre: Thoma,Apellido: Giraths,tgiraths28@com.com,C.A.R: 6,Addr: 254 Lien Pass,Activo (1 si; 0 no): 1
C.I: 57662120,Nombre: Shanta,Apellido: Senogles,ssenogles29@tinyurl.com,C.A.R: 29,Addr: 334 Del Sol Plaza,Activo (1 si; 0 no): 1
C.I: 69719913,Nombre: Lexine,Apellido: Pyott,lpyott2a@cnn.com,C.A.R: 11,Addr: 07 Sunfield Lane,Activo (1 si; 0 no): 1
C.I: 39000870,Nombre: Tori,Apellido: Dulin,tdulin2b@chronoengine.com,C.A.R: 31,Addr: 57993 Corben Way,Activo (1 si; 0 no): 1
C.I: 71695428,Nombre: Kiley,Apellido: Petrov,kpetrov2c@dyndns.org,C.A.R: 27,Addr: 7 Westport Court,Activo (1 si; 0 no): 1
C.I: 86559791,Nombre: Cassondra,Apellido: Sprason,csprason2d@alexa.com,C.A.R: 3,Addr: 4146 Main Hill,Activo (1 si; 0 no): 1
C.I: 14223186,Nombre: Park,Apellido: Skippings,pskippings2e@nature.com,C.A.R: 8,Addr: 00 Katie Lane,Activo (1 si; 0 no): 1
C.I: 66769098,Nombre: Rosemarie,Apellido: Bullock,rbullock2f@1und1.de,C.A.R: 38,Addr: 42127 Rowland Park,Activo (1 si; 0 no): 0
C.I: 33228354,Nombre: Isidora,Apellido: Vossgen,ivossgen2g@boston.com,C.A.R: 13,Addr: 773 Bluejay Alley,Activo (1 si; 0 no): 1
C.I: 80053572,Nombre: Titos,Apellido: Margetts,tmargetts2h@xrea.com,C.A.R: 1,Addr: 14111 Southridge Pass,Activo (1 si; 0 no): 0
C.I: 63492527,Nombre: Abran,Apellido: Lenchenko,alenchenko2i@ucoz.com,C.A.R: 30,Addr: 474 Dexter Parkway,Activo (1 si; 0 no): 1
C.I: 47157433,Nombre: Marika,Apellido: Waterman,mwaterman2j@soundcloud.com,C.A.R: 10,Addr: 29466 Buena Vista Park,Activo (1 si; 0 no): 1
C.I: 31476632,Nombre: Aubrey,Apellido: Cheverton,acheverton2k@miitbeian.gov.cn,C.A.R: 20,Addr: 26261 Mendota Way,Activo (1 si; 0 no): 1
C.I: 27080397,Nombre: Wes,Apellido: Rase,wrase2l@gravatar.com,C.A.R: 9,Addr: 68 Parkside Way,Activo (1 si; 0 no): 1
C.I: 30122962,Nombre: Annabela,Apellido: MacCart,amaccart2m@theatlantic.com,C.A.R: 28,Addr: 7 Schurz Drive,Activo (1 si; 0 no): 0
C.I: 91621804,Nombre: Genvieve,Apellido: Brighty,gbrighty2n@wufoo.com,C.A.R: 14,Addr: 0652 Sloan Terrace,Activo (1 si; 0 no): 0
C.I: 49593695,Nombre: Adrien,Apellido: Beeho,abeeho2o@nih.gov,C.A.R: 1,Addr: 06 American Point,Activo (1 si; 0 no): 1
C.I: 25378570,Nombre: Darline,Apellido: McLewd,dmclewd2p@tiny.cc,C.A.R: 18,Addr: 717 Dovetail Trail,Activo (1 si; 0 no): 1
C.I: 79307565,Nombre: Augustin,Apellido: Steers,asteers2q@over-blog.com,C.A.R: 31,Addr: 8783 Di Loreto Street,Activo (1 si; 0 no): 1
C.I: 10936836,Nombre: Ardyce,Apellido: Shasnan,ashasnan2r@google.com,C.A.R: 2,Addr: 24836 Buhler Court,Activo (1 si; 0 no): 0
C.I: 10201788,Nombre: Tori,Apellido: Rockingham,trockingham2s@over-blog.com,C.A.R: 12,Addr: 3 Northwestern Pass,Activo (1 si; 0 no): 1
C.I: 79778385,Nombre: Lucine,Apellido: Leas,lleas2t@cbslocal.com,C.A.R: 26,Addr: 57026 Prentice Street,Activo (1 si; 0 no): 0
C.I: 47805454,Nombre: Barry,Apellido: Fearfull,bfearfull2u@newsvine.com,C.A.R: 31,Addr: 27898 John Wall Street,Activo (1 si; 0 no): 0
C.I: 75912000,Nombre: Jamie,Apellido: Titmarsh,jtitmarsh2v@google.co.uk,C.A.R: 27,Addr: 3500 Pond Hill,Activo (1 si; 0 no): 0
C.I: 84815809,Nombre: Christal,Apellido: Robelin,crobelin2w@noaa.gov,C.A.R: 30,Addr: 1 Sommers Junction,Activo (1 si; 0 no): 0
C.I: 82635512,Nombre: Sigismund,Apellido: Blewitt,sblewitt2x@imgur.com,C.A.R: 1,Addr: 39787 Hintze Park,Activo (1 si; 0 no): 0
C.I: 82635889,Nombre: Mylo,Apellido: Fleis,mfleis2y@virginia.edu,C.A.R: 24,Addr: 0 Buell Court,Activo (1 si; 0 no): 1
C.I: 45244168,Nombre: Eustacia,Apellido: Ditchett,editchett2z@canalblog.com,C.A.R: 10,Addr: 8175 Swallow Parkway,Activo (1 si; 0 no): 0
C.I: 87189763,Nombre: Shaylynn,Apellido: Bahike,sbahike30@nifty.com,C.A.R: 31,Addr: 61788 Fisk Center,Activo (1 si; 0 no): 0
C.I: 18719494,Nombre: Eugene,Apellido: Carlyon,ecarlyon31@reuters.com,C.A.R: 33,Addr: 63984 Duke Junction,Activo (1 si; 0 no): 1
C.I: 48166188,Nombre: Gabby,Apellido: Berston,gberston32@imageshack.us,C.A.R: 36,Addr: 002 Westend Road,Activo (1 si; 0 no): 0
C.I: 85082607,Nombre: Melvin,Apellido: Lally,mlally33@patch.com,C.A.R: 12,Addr: 650 Mcbride Park,Activo (1 si; 0 no): 1
C.I: 32497230,Nombre: Claudine,Apellido: Showen,cshowen34@howstuffworks.com,C.A.R: 25,Addr: 040 Veith Road,Activo (1 si; 0 no): 1
C.I: 35461196,Nombre: Moll,Apellido: Camplen,mcamplen35@google.fr,C.A.R: 7,Addr: 958 Warner Point,Activo (1 si; 0 no): 1
C.I: 66321311,Nombre: Ely,Apellido: Dagon,edagon36@patch.com,C.A.R: 18,Addr: 48045 Melby Plaza,Activo (1 si; 0 no): 0
C.I: 71675249,Nombre: D'arcy,Apellido: Bursnell,dbursnell37@tripod.com,C.A.R: 9,Addr: 2 La Follette Court,Activo (1 si; 0 no): 1
C.I: 19279844,Nombre: Brooks,Apellido: Hubber,bhubber38@dmoz.org,C.A.R: 10,Addr: 4300 Northport Trail,Activo (1 si; 0 no): 0
C.I: 62818699,Nombre: Joaquin,Apellido: Rivard,jrivard39@sohu.com,C.A.R: 28,Addr: 178 Meadow Vale Place,Activo (1 si; 0 no): 1
C.I: 51306469,Nombre: Orelia,Apellido: Kliemke,okliemke3a@go.com,C.A.R: 22,Addr: 9213 Miller Way,Activo (1 si; 0 no): 0
C.I: 35751067,Nombre: Martguerita,Apellido: Vines,mvines3b@facebook.com,C.A.R: 3,Addr: 56176 Westridge Center,Activo (1 si; 0 no): 0
C.I: 73360548,Nombre: Kass,Apellido: Birwhistle,kbirwhistle3c@fotki.com,C.A.R: 22,Addr: 1 Manley Lane,Activo (1 si; 0 no): 0
C.I: 19456055,Nombre: Jamima,Apellido: Ozintsev,jozintsev3d@phpbb.com,C.A.R: 35,Addr: 8 Raven Place,Activo (1 si; 0 no): 0
C.I: 50751466,Nombre: Travus,Apellido: Wigelsworth,twigelsworth3e@fotki.com,C.A.R: 13,Addr: 3495 Sachtjen Crossing,Activo (1 si; 0 no): 1
C.I: 52086662,Nombre: Edee,Apellido: Ipsley,eipsley3f@independent.co.uk,C.A.R: 36,Addr: 6871 Graceland Junction,Activo (1 si; 0 no): 0
C.I: 90463434,Nombre: Abram,Apellido: Walkinshaw,awalkinshaw3g@hatena.ne.jp,C.A.R: 12,Addr: 250 Dorton Trail,Activo (1 si; 0 no): 1
C.I: 55111227,Nombre: Christye,Apellido: Morgen,cmorgen3h@ted.com,C.A.R: 7,Addr: 131 Autumn Leaf Road,Activo (1 si; 0 no): 0
C.I: 72172257,Nombre: Micki,Apellido: Gudyer,mgudyer3i@mozilla.com,C.A.R: 8,Addr: 9737 Memorial Road,Activo (1 si; 0 no): 0
C.I: 22872406,Nombre: Cathie,Apellido: Spillett,cspillett3j@netscape.com,C.A.R: 28,Addr: 6 Service Road,Activo (1 si; 0 no): 1
C.I: 26611476,Nombre: Roley,Apellido: ducarme,rducarme3k@nps.gov,C.A.R: 5,Addr: 44259 Bashford Terrace,Activo (1 si; 0 no): 0
C.I: 93361536,Nombre: Karlyn,Apellido: Kayes,kkayes3l@digg.com,C.A.R: 16,Addr: 33552 Hudson Lane,Activo (1 si; 0 no): 1
C.I: 62991369,Nombre: Kassandra,Apellido: Fosse,kfosse3m@merriam-webster.com,C.A.R: 29,Addr: 0 Rusk Center,Activo (1 si; 0 no): 1
C.I: 90010954,Nombre: Gardy,Apellido: Crudgington,gcrudgington3n@e-recht24.de,C.A.R: 16,Addr: 9512 Johnson Court,Activo (1 si; 0 no): 1
C.I: 84861548,Nombre: Aurie,Apellido: Leades,aleades3o@mediafire.com,C.A.R: 32,Addr: 07 Lyons Park,Activo (1 si; 0 no): 0
C.I: 99449774,Nombre: Fayre,Apellido: Kirsop,fkirsop3p@spiegel.de,C.A.R: 39,Addr: 404 Chive Park,Activo (1 si; 0 no): 1
C.I: 24717721,Nombre: Selma,Apellido: Brinsden,sbrinsden3q@bravesites.com,C.A.R: 25,Addr: 31 Annamark Circle,Activo (1 si; 0 no): 1
C.I: 56318520,Nombre: Tawsha,Apellido: Hillock,thillock3r@baidu.com,C.A.R: 12,Addr: 957 Dryden Road,Activo (1 si; 0 no): 0
C.I: 27971777,Nombre: Beatrisa,Apellido: Laing,blaing3s@fotki.com,C.A.R: 1,Addr: 93 Gateway Hill,Activo (1 si; 0 no): 0
C.I: 99483102,Nombre: Griffy,Apellido: Sidwick,gsidwick3t@va.gov,C.A.R: 18,Addr: 63 Meadow Ridge Park,Activo (1 si; 0 no): 0
C.I: 22552605,Nombre: Bartolomeo,Apellido: Bartholomew,bbartholomew3u@craigslist.org,C.A.R: 26,Addr: 7 Redwing Terrace,Activo (1 si; 0 no): 0
C.I: 55313272,Nombre: Tyson,Apellido: Churchlow,tchurchlow3v@lycos.com,C.A.R: 1,Addr: 2 Graedel Avenue,Activo (1 si; 0 no): 1
C.I: 49816411,Nombre: Maury,Apellido: Harpin,mharpin3w@dailymotion.com,C.A.R: 1,Addr: 07420 Birchwood Drive,Activo (1 si; 0 no): 1
C.I: 56895066,Nombre: Harriott,Apellido: Gever,hgever3x@telegraph.co.uk,C.A.R: 39,Addr: 6959 Lakeland Crossing,Activo (1 si; 0 no): 0
C.I: 51914687,Nombre: Charlton,Apellido: Walworth,cwalworth3y@tinyurl.com,C.A.R: 28,Addr: 6191 Aberg Junction,Activo (1 si; 0 no): 0
C.I: 76982429,Nombre: Allissa,Apellido: Swann,aswann3z@godaddy.com,C.A.R: 14,Addr: 752 Clemons Place,Activo (1 si; 0 no): 1
C.I: 59380793,Nombre: Jamie,Apellido: Tremblett,jtremblett40@amazonaws.com,C.A.R: 1,Addr: 24 Fordem Trail,Activo (1 si; 0 no): 1
C.I: 98578623,Nombre: Zorina,Apellido: Iddon,ziddon41@goodreads.com,C.A.R: 22,Addr: 729 John Wall Road,Activo (1 si; 0 no): 1
C.I: 72817037,Nombre: Mikaela,Apellido: Cutler,mcutler42@illinois.edu,C.A.R: 3,Addr: 06102 Homewood Avenue,Activo (1 si; 0 no): 1
C.I: 96972849,Nombre: Christian,Apellido: Chalfant,cchalfant43@yellowbook.com,C.A.R: 23,Addr: 13 Springs Drive,Activo (1 si; 0 no): 0
C.I: 82218131,Nombre: Edan,Apellido: Losel,elosel44@zimbio.com,C.A.R: 37,Addr: 95 Independence Pass,Activo (1 si; 0 no): 1
C.I: 56672391,Nombre: Dav,Apellido: Sherington,dsherington45@pcworld.com,C.A.R: 37,Addr: 98366 Everett Center,Activo (1 si; 0 no): 1
C.I: 68271890,Nombre: Cathrine,Apellido: Baynton,cbaynton46@sitemeter.com,C.A.R: 2,Addr: 90456 Schiller Crossing,Activo (1 si; 0 no): 0
C.I: 64386328,Nombre: Niki,Apellido: Lockyer,nlockyer47@friendfeed.com,C.A.R: 34,Addr: 376 Namekagon Drive,Activo (1 si; 0 no): 0
C.I: 17797876,Nombre: Charla,Apellido: Lavarack,clavarack48@bigcartel.com,C.A.R: 26,Addr: 173 Ruskin Hill,Activo (1 si; 0 no): 1
C.I: 53115514,Nombre: Irvine,Apellido: Petrou,ipetrou49@nationalgeographic.com,C.A.R: 18,Addr: 1 Superior Crossing,Activo (1 si; 0 no): 0
C.I: 94368631,Nombre: Antoinette,Apellido: Medlar,amedlar4a@so-net.ne.jp,C.A.R: 35,Addr: 63969 Dapin Court,Activo (1 si; 0 no): 0
C.I: 31446185,Nombre: Jordain,Apellido: Gianilli,jgianilli4b@economist.com,C.A.R: 6,Addr: 38 Fulton Avenue,Activo (1 si; 0 no): 1
C.I: 75980598,Nombre: Derrek,Apellido: Himsworth,dhimsworth4c@oakley.com,C.A.R: 22,Addr: 21 International Point,Activo (1 si; 0 no): 0
C.I: 23619172,Nombre: Hogan,Apellido: De la Feld,hdelafeld4d@moonfruit.com,C.A.R: 13,Addr: 146 Scott Center,Activo (1 si; 0 no): 1
C.I: 49101760,Nombre: Dorisa,Apellido: Newbegin,dnewbegin4e@netscape.com,C.A.R: 19,Addr: 36 Messerschmidt Parkway,Activo (1 si; 0 no): 0
C.I: 87996770,Nombre: Nathan,Apellido: Back,nback4f@tiny.cc,C.A.R: 15,Addr: 41 Southridge Trail,Activo (1 si; 0 no): 1
C.I: 57844672,Nombre: Saunder,Apellido: Roj,sroj4g@upenn.edu,C.A.R: 11,Addr: 31 Cordelia Drive,Activo (1 si; 0 no): 0
C.I: 26840965,Nombre: Adela,Apellido: McGoldrick,amcgoldrick4h@google.ru,C.A.R: 14,Addr: 41046 Manley Alley,Activo (1 si; 0 no): 1
C.I: 75100518,Nombre: Ilise,Apellido: Pealing,ipealing4i@bigcartel.com,C.A.R: 19,Addr: 3985 Shoshone Way,Activo (1 si; 0 no): 0
C.I: 50042499,Nombre: Jarib,Apellido: Karolewski,jkarolewski4j@zimbio.com,C.A.R: 37,Addr: 1694 Autumn Leaf Road,Activo (1 si; 0 no): 0
C.I: 76906204,Nombre: Stephana,Apellido: Donnel,sdonnel4k@ocn.ne.jp,C.A.R: 10,Addr: 22 Nelson Street,Activo (1 si; 0 no): 1
C.I: 99986946,Nombre: Rickey,Apellido: Tawton,rtawton4l@ihg.com,C.A.R: 37,Addr: 7892 Cherokee Junction,Activo (1 si; 0 no): 0
C.I: 66138890,Nombre: Alexina,Apellido: Padgett,apadgett4m@rakuten.co.jp,C.A.R: 25,Addr: 34 Westend Pass,Activo (1 si; 0 no): 1
C.I: 52456711,Nombre: Ferd,Apellido: Pudsall,fpudsall4n@house.gov,C.A.R: 39,Addr: 3 Acker Drive,Activo (1 si; 0 no): 0
C.I: 58601125,Nombre: Cati,Apellido: Apellido: Castiello,ccastiello4o@comcast.net,C.A.R: 38,Addr: 1 Golf View Alley,Activo (1 si; 0 no): 0
C.I: 51189071,Nombre: Sam,Apellido: Apellido: Dusting,sdusting4p@geocities.com,C.A.R: 19,Addr: 969 Dovetail Drive,Activo (1 si; 0 no): 0
C.I: 53733388,Nombre: Marena,Apellido: Apellido: Bigglestone,mbigglestone4q@marketwatch.com,C.A.R: 37,Addr: 23209 Londonderry Plaza,Activo (1 si; 0 no): 0
C.I: 31561750,Nombre: Eydie,Apellido: Gilcriest,egilcriest4r@hubpages.com,C.A.R: 27,Addr: 3 Kingsford Alley,Activo (1 si; 0 no): 0
C.I: 52678730,Nombre: Cristina,Apellido: Vinson,cvinson4s@addtoany.com,C.A.R: 11,Addr: 25408 Banding Trail,Activo (1 si; 0 no): 0
C.I: 35146690,Nombre: Chelsy,Apellido: Cannon,ccannon4t@digg.com,C.A.R: 39,Addr: 1706 Transport Place,Activo (1 si; 0 no): 1
C.I: 75290533,Nombre: Tierney,Apellido: Baline,tbaline4u@sogou.com,C.A.R: 15,Addr: 215 Arapahoe Street,Activo (1 si; 0 no): 1
C.I: 66312075,Nombre: Manya,Apellido: Featherstonhaugh,mfeatherstonhaugh4v@senate.gov,C.A.R: 40,Addr: 39 Coolidge Road,Activo (1 si; 0 no): 1
C.I: 95819283,Nombre: Rycca,Apellido: McElrath,rmcelrath4w@washingtonpost.com,C.A.R: 5,Addr: 3 Ohio Parkway,Activo (1 si; 0 no): 1
C.I: 99762750,Nombre: Pete,Apellido: Brastead,pbrastead4x@ustream.tv,C.A.R: 35,Addr: 5019 Chive Avenue,Activo (1 si; 0 no): 1
C.I: 63233022,Nombre: Gertruda,Apellido: Keighley,gkeighley4y@nhs.uk,C.A.R: 40,Addr: 51905 Main Terrace,Activo (1 si; 0 no): 1
C.I: 92900048,Nombre: Cleo,Apellido: Raphael,craphael4z@yelp.com,C.A.R: 12,Addr: 42378 1st Road,Activo (1 si; 0 no): 0
C.I: 58538511,Nombre: Lotte,Apellido: Bernardin,lbernardin50@diigo.com,C.A.R: 35,Addr: 0 Vahlen Point,Activo (1 si; 0 no): 0
C.I: 34915436,Nombre: Nerti,Apellido: Charlesworth,ncharlesworth51@liveinternet.ru,C.A.R: 16,Addr: 785 Almo Center,Activo (1 si; 0 no): 0
C.I: 99599490,Nombre: Terry,Apellido: Attree,tattree52@yellowbook.com,C.A.R: 12,Addr: 11626 Autumn Leaf Circle,Activo (1 si; 0 no): 0
C.I: 81676203,Nombre: Horatius,Apellido: Bartles,hbartles53@devhub.com,C.A.R: 15,Addr: 21 Sachtjen Circle,Activo (1 si; 0 no): 1
C.I: 13443920,Nombre: Hadlee,Apellido: Francesconi,hfrancesconi54@nytimes.com,C.A.R: 3,Addr: 19 Forest Way,Activo (1 si; 0 no): 1
C.I: 80546731,Nombre: Evered,Apellido: McCrow,emccrow55@foxnews.com,C.A.R: 26,Addr: 0 Goodland Drive,Activo (1 si; 0 no): 0
C.I: 83536776,Nombre: Alex,Apellido: Colles,acolles56@usgs.gov,C.A.R: 29,Addr: 08 John Wall Circle,Activo (1 si; 0 no): 0
C.I: 54329277,Nombre: Brianne,Apellido: Alderton,balderton57@google.com.br,C.A.R: 31,Addr: 763 Claremont Center,Activo (1 si; 0 no): 1
C.I: 86542437,Nombre: Minette,Apellido: Fibbings,mfibbings58@smugmug.com,C.A.R: 2,Addr: 889 Old Shore Junction,Activo (1 si; 0 no): 1
C.I: 19713737,Nombre: Laird,Apellido: Barajas,lbarajas59@slideshare.net,C.A.R: 21,Addr: 11 Harbort Hill,Activo (1 si; 0 no): 1
C.I: 31981867,Nombre: Robers,Apellido: Shinn,rshinn5a@ustream.tv,C.A.R: 24,Addr: 7113 Derek Plaza,Activo (1 si; 0 no): 1
C.I: 97249286,Nombre: Henrieta,Apellido: Baldacco,hbaldacco5b@ebay.co.uk,C.A.R: 8,Addr: 35 American Avenue,Activo (1 si; 0 no): 1
C.I: 23183983,Nombre: Yank,Apellido: Kliesl,ykliesl5c@adobe.com,C.A.R: 32,Addr: 14069 Anderson Avenue,Activo (1 si; 0 no): 1
C.I: 12435357,Nombre: Flossie,Apellido: Gjerde,fgjerde5d@deviantart.com,C.A.R: 11,Addr: 6913 Independence Junction,Activo (1 si; 0 no): 0
C.I: 78347811,Nombre: Renato,Apellido: Dudeney,rdudeney5e@nasa.gov,C.A.R: 3,Addr: 2427 Portage Way,Activo (1 si; 0 no): 0
C.I: 74525720,Nombre: Damien,Apellido: Arnatt,darnatt5f@google.it,C.A.R: 11,Addr: 63606 Comanche Court,Activo (1 si; 0 no): 1
C.I: 63870410,Nombre: Anne-marie,Apellido: Mackriell,amackriell5g@topsy.com,C.A.R: 2,Addr: 482 Anzinger Junction,Activo (1 si; 0 no): 1
C.I: 64629424,Nombre: Gilli,Apellido: Pawel,gpawel5h@prweb.com,C.A.R: 12,Addr: 785 Westerfield Park,Activo (1 si; 0 no): 0
C.I: 42938732,Nombre: Hobard,Apellido: Thomtson,hthomtson5i@rakuten.co.jp,C.A.R: 17,Addr: 2 Mendota Avenue,Activo (1 si; 0 no): 0
C.I: 59682462,Nombre: Valera,Apellido: Stickford,vstickford5j@intel.com,C.A.R: 26,Addr: 0 Northland Road,Activo (1 si; 0 no): 0
C.I: 30419676,Nombre: Carlos,Apellido: Ceballos,Email: carlosg@hotmail.com,Cantidad Autos Rentados: 1,Direccion: Av Universidad,Activo (1=Si, 0=No): 0
